[
   {
      "id":3424,
      "name":"Barclay Prime",
      "address":"237 South 18th Street",
      "city":"Philadelphia",
      "state":"PA",
      "area":"Philadelphia / New Jersey Suburbs",
      "postal_code":"19103",
      "country":"US",
      "phone":"2157327560",
      "lat":39.9487,
      "long":-75.171,
      "price":4,
      "cuisines":[
                  "Prime Rib",
                  "Californian"
                  ],
      "reserve_url":"http://www.opentable.com/single.aspx?rid=3424",
      "mobile_reserve_url":"http://mobile.opentable.com/opentable/?restId=3424",
      "image_url":"https://resizer.otstatic.com/v2/profiles/legacy/3424.jpg"
   },
   {
      "id":722,
      "name":"Fountain Restaurant",
      "address":"Four Seasons Hotel",
      "city":"Philadelphia",
      "state":"PA",
      "area":"Philadelphia / New Jersey Suburbs",
      "postal_code":"19103",
      "country":"US",
      "phone":"2159631500x",
      "lat":39.958157,
      "long":-75.169927,
      "price":4,
      "cuisines":[
                  "Steak",
                  "Seafood"
                  ],
      "reserve_url":"http://www.opentable.com/single.aspx?rid=722",
      "mobile_reserve_url":"http://mobile.opentable.com/opentable/?restId=722",
      "image_url":"https://resizer.otstatic.com/v2/profiles/legacy/722.jpg"
   },
   {
      "id":2366,
      "name":"Bank & Bourbon",
      "address":"1200 Market Street",
      "city":"Philadelphia",
      "state":"PA",
      "area":"Philadelphia / New Jersey Suburbs",
      "postal_code":"19107",
      "country":"US",
      "phone":"2152317300x",
      "lat":39.9518,
      "long":-75.1598,
      "price":2,
      "cuisines":[
                  "Bar",
                  "French"
                  ],
      "reserve_url":"http://www.opentable.com/single.aspx?rid=2366",
      "mobile_reserve_url":"http://mobile.opentable.com/opentable/?restId=2366",
      "image_url":"https://resizer.otstatic.com/v2/profiles/legacy/2366.jpg"
   },
   {
      "id":39376,
      "name":"Fogo de Chao Brazilian Steakhouse - Philadelphia",
      "address":"1337 Chestnut Street",
      "city":"Philadelphia",
      "state":"PA",
      "area":"Philadelphia / New Jersey Suburbs",
      "postal_code":"19107",
      "country":"US",
      "phone":"2156369700",
      "lat":39.950946,
      "long":-75.162932,
      "price":4,
      "cuisines":[
                  "International",
                  "South American"
                  ],
      "reserve_url":"http://www.opentable.com/single.aspx?rid=39376",
      "mobile_reserve_url":"http://mobile.opentable.com/opentable/?restId=39376",
      "image_url":"https://resizer.otstatic.com/v2/profiles/legacy/39376.jpg"
   },
   {
      "id":150325,
      "name":"Stateside",
      "address":"1536 E. Passyunk Ave",
      "city":"Philadelphia",
      "state":"PA",
      "area":"Philadelphia / New Jersey Suburbs",
      "postal_code":"19147",
      "country":"US",
      "phone":"2155512500x",
      "lat":39.930254,
      "long":-75.163254,
      "price":2,
      "cuisines":[
                  "Continental",
                  "Steak"
                  ],
      "reserve_url":"http://www.opentable.com/single.aspx?rid=150325",
      "mobile_reserve_url":"http://mobile.opentable.com/opentable/?restId=150325",
      "image_url":"https://resizer.otstatic.com/v2/profiles/legacy/150325.jpg"
   },
   {
      "id":108133,
      "name":"Talula's Daily - Secret Supper Club",
      "address":"208 West Washington Square",
      "city":"Philadelphia",
      "state":"PA",
      "area":"Philadelphia / New Jersey Suburbs",
      "postal_code":"19106",
      "country":"US",
      "phone":"2155926555x",
      "lat":39.94726,
      "long":-75.153325,
      "price":4,
      "cuisines":[
                  "Caribbean",
                  "Cuban"
                  ],
      "reserve_url":"http://www.opentable.com/single.aspx?rid=108133",
      "mobile_reserve_url":"http://mobile.opentable.com/opentable/?restId=108133",
      "image_url":"https://resizer.otstatic.com/v2/profiles/legacy/108133.jpg"
   },
   {
      "id":2607,
      "name":"Ruth's Chris Steak House - Philadelphia",
      "address":"260 South Broad Street",
      "city":"Philadelphia",
      "state":"PA",
      "area":"Philadelphia / New Jersey Suburbs",
      "postal_code":"19102",
      "country":"US",
      "phone":"2157901515x",
      "lat":39.9472,
      "long":-75.1647,
      "price":4,
      "cuisines":[
                  "Steak",
                  "Prime Rib"
                  ],
      "reserve_url":"http://www.opentable.com/single.aspx?rid=2607",
      "mobile_reserve_url":"http://mobile.opentable.com/opentable/?restId=2607",
      "image_url":"https://resizer.otstatic.com/v2/profiles/legacy/2607.jpg"
   },
   {
      "id":20398,
      "name":"Zahav",
      "address":"237 Saint James Place",
      "city":"Philadelphia",
      "state":"PA",
      "area":"Philadelphia / New Jersey Suburbs",
      "postal_code":"19106",
      "country":"US",
      "phone":"2156258800x",
      "lat":39.945998,
      "long":-75.146035,
      "price":3,
      "cuisines":[
                  "Tapas",
                  "Mediterranean"
                  ],
      "reserve_url":"http://www.opentable.com/single.aspx?rid=20398",
      "mobile_reserve_url":"http://mobile.opentable.com/opentable/?restId=20398",
      "image_url":"https://resizer.otstatic.com/v2/profiles/legacy/20398.jpg"
   },
   {
      "id":108127,
      "name":"Mercato",
      "address":"1216 Spruce Street",
      "city":"Philadelphia",
      "state":"PA",
      "area":"Philadelphia / New Jersey Suburbs",
      "postal_code":"19107",
      "country":"US",
      "phone":"2159852962x",
      "lat":39.946518,
      "long":-75.16181,
      "price":2,
      "cuisines":[
                  "Seafood",
                  "Mexican"
                  ],
      "reserve_url":"http://www.opentable.com/single.aspx?rid=108127",
      "mobile_reserve_url":"http://mobile.opentable.com/opentable/?restId=108127",
      "image_url":"https://resizer.otstatic.com/v2/profiles/legacy/108127.jpg"
   },
   {
      "id":7952,
      "name":"DiNardo's Famous Seafood",
      "address":"312 Race Street",
      "city":"Philadelphia",
      "state":"PA",
      "area":"Philadelphia / New Jersey Suburbs",
      "postal_code":"19106",
      "country":"US",
      "phone":"2159255115",
      "lat":39.95409,
      "long":-75.145378,
      "price":2,
      "cuisines":[
                  "Italian",
                  "Seafood"
                  ],
      "reserve_url":"http://www.opentable.com/single.aspx?rid=7952",
      "mobile_reserve_url":"http://mobile.opentable.com/opentable/?restId=7952",
      "image_url":"https://resizer.otstatic.com/v2/profiles/legacy/7952.jpg"
   },
   {
      "id":140896,
      "name":"Society Hill Society",
      "address":"400 S 2nd St",
      "city":"Philadelphia",
      "state":"PA",
      "area":"Philadelphia / New Jersey Suburbs",
      "postal_code":"19147",
      "country":"US",
      "phone":"2672731434x",
      "lat":39.942874,
      "long":-75.14552,
      "price":2,
      "cuisines":[
                  "Organic",
                  "Southern"
                  ],
      "reserve_url":"http://www.opentable.com/single.aspx?rid=140896",
      "mobile_reserve_url":"http://mobile.opentable.com/opentable/?restId=140896",
      "image_url":"https://resizer.otstatic.com/v2/profiles/legacy/140896.jpg"
   },
   {
      "id":83872,
      "name":"Spectrum Grill at XFINITY Live! Philadelphia",
      "address":"1100 Pattison Ave.",
      "city":"Philadelphia",
      "state":"PA",
      "area":"Philadelphia / New Jersey Suburbs",
      "postal_code":"19148",
      "country":"US",
      "phone":"2674436416x",
      "lat":39.904643,
      "long":-75.167855,
      "price":2,
      "cuisines":[
                  "Organic",
                  "Californian"
                  ],
      "reserve_url":"http://www.opentable.com/single.aspx?rid=83872",
      "mobile_reserve_url":"http://mobile.opentable.com/opentable/?restId=83872",
      "image_url":"https://resizer.otstatic.com/v2/profiles/legacy/83872.jpg"
   },
   {
      "id":73018,
      "name":"Macaroni's Restaurant",
      "address":"9315 Old Bustleton Ave.",
      "city":"Philadelphia",
      "state":"PA",
      "area":"Philadelphia / New Jersey Suburbs",
      "postal_code":"19115",
      "country":"US",
      "phone":"2154643040",
      "lat":40.081151,
      "long":-75.039087,
      "price":2,
      "cuisines":[
                  "Pizza",
                  "Italian"
                  ],
      "reserve_url":"http://www.opentable.com/single.aspx?rid=73018",
      "mobile_reserve_url":"http://mobile.opentable.com/opentable/?restId=73018",
      "image_url":"https://resizer.otstatic.com/v2/profiles/legacy/73018.jpg"
   },
   {
      "id":140503,
      "name":"Brauhaus Schmitz",
      "address":"718 South St",
      "city":"Philadelphia",
      "state":"PA",
      "area":"Philadelphia / New Jersey Suburbs",
      "postal_code":"19147-2023",
      "country":"US",
      "phone":"2679098814",
      "lat":39.9422,
      "long":-75.154544,
      "price":3,
      "cuisines":[
                  "Brewery",
                  "Seafood"
                  ],
      "reserve_url":"http://www.opentable.com/single.aspx?rid=140503",
      "mobile_reserve_url":"http://mobile.opentable.com/opentable/?restId=140503",
      "image_url":"https://resizer.otstatic.com/v2/profiles/legacy/140503.jpg"
   },
   {
      "id":7117,
      "name":"Eulogy Belgian Tavern",
      "address":"136 Chestnut Street",
      "city":"Philadelphia",
      "state":"PA",
      "area":"Philadelphia / New Jersey Suburbs",
      "postal_code":"19106",
      "country":"US",
      "phone":"2154131918x",
      "lat":39.9483,
      "long":-75.143454,
      "price":2,
      "cuisines":[
                  "Wine",
                  "Bar"
                  ],
      "reserve_url":"http://www.opentable.com/single.aspx?rid=7117",
      "mobile_reserve_url":"http://mobile.opentable.com/opentable/?restId=7117",
      "image_url":"https://resizer.otstatic.com/v2/profiles/legacy/7117.jpg"
   },
   {
      "id":104560,
      "name":"Rouge",
      "address":"205 S 18th St",
      "city":"Philadelphia",
      "state":"PA",
      "area":"Philadelphia / New Jersey Suburbs",
      "postal_code":"19103",
      "country":"US",
      "phone":"2157326622",
      "lat":39.949734,
      "long":-75.170677,
      "price":2,
      "cuisines":[
                  "French",
                  "Seafood"
                  ],
      "reserve_url":"http://www.opentable.com/single.aspx?rid=104560",
      "mobile_reserve_url":"http://mobile.opentable.com/opentable/?restId=104560",
      "image_url":"https://resizer.otstatic.com/v2/profiles/legacy/104560.jpg"
   },
   {
      "id":110479,
      "name":"Effie's Restaurant",
      "address":"1127 Pine St",
      "city":"Philadelphia",
      "state":"PA",
      "area":"Philadelphia / New Jersey Suburbs",
      "postal_code":"19107",
      "country":"US",
      "phone":"2155928333",
      "lat":39.945181,
      "long":-75.16062,
      "price":2,
      "cuisines":[
                  "Burgers",
                  "American"
                  ],
      "reserve_url":"http://www.opentable.com/single.aspx?rid=110479",
      "mobile_reserve_url":"http://mobile.opentable.com/opentable/?restId=110479",
      "image_url":"https://resizer.otstatic.com/v2/profiles/legacy/110479.jpg"
   },
   {
      "id":70690,
      "name":"Il Pittore",
      "address":"2025 Sansom St.",
      "city":"Philadelphia",
      "state":"PA",
      "area":"Philadelphia / New Jersey Suburbs",
      "postal_code":"19103",
      "country":"US",
      "phone":"2153914900",
      "lat":39.9516,
      "long":-75.174548,
      "price":3,
      "cuisines":[
                  "Mediterranean",
                  "Seafood"
                  ],
      "reserve_url":"http://www.opentable.com/single.aspx?rid=70690",
      "mobile_reserve_url":"http://mobile.opentable.com/opentable/?restId=70690",
      "image_url":"https://resizer.otstatic.com/v2/profiles/legacy/70690.jpg"
   },
   {
      "id":82537,
      "name":"City Tavern",
      "address":"138 S 2nd St",
      "city":"Philadelphia",
      "state":"PA",
      "area":"Philadelphia / New Jersey Suburbs",
      "postal_code":"19106",
      "country":"US",
      "phone":"2154131443",
      "lat":39.947196,
      "long":-75.144366,
      "price":2, 
      "cuisines":[
                  "Continental",
                  "Bar"
                  ],
      "reserve_url":"http://www.opentable.com/single.aspx?rid=82537",
      "mobile_reserve_url":"http://mobile.opentable.com/opentable/?restId=82537",
      "image_url":"https://resizer.otstatic.com/v2/profiles/legacy/82537.jpg"
   },
   {
      "id":148756,
      "name":"Bleu Sushi",
      "address":"262 S 10th St",
      "city":"Philadelphia",
      "state":"PA",
      "area":"Philadelphia / New Jersey Suburbs",
      "postal_code":"19107",
      "country":"US",
      "phone":"2158290800x",
      "lat":39.946495,
      "long":-75.158053,
      "price":2,
      "cuisines":[
                  "Sushi",
                  "Seafood"
                  ],
      "reserve_url":"http://www.opentable.com/single.aspx?rid=148756",
      "mobile_reserve_url":"http://mobile.opentable.com/opentable/?restId=148756",
      "image_url":"https://resizer.otstatic.com/v2/profiles/legacy/148756.jpg"
   },
   {
      "id":1095,
      "name":"Butcher & Singer",
      "address":"1500 Walnut Street",
      "city":"Philadelphia",
      "state":"PA",
      "area":"Philadelphia / New Jersey Suburbs",
      "postal_code":"19102",
      "country":"US",
      "phone":"2157324444x",
      "lat":39.949386,
      "long":-75.166204,
      "price":4,
      "cuisines":[
                  "Steak",
                  "Prime Rib"
                  ],
      "reserve_url":"http://www.opentable.com/single.aspx?rid=1095",
      "mobile_reserve_url":"http://mobile.opentable.com/opentable/?restId=1095",
      "image_url":"https://resizer.otstatic.com/v2/profiles/legacy/1095.jpg"
   },
   {
      "id":54202,
      "name":"Yakitori Boy Japas  - Philadelphia",
      "address":"211 North 11th Street",
      "city":"Philadelphia",
      "state":"PA",
      "area":"Philadelphia / New Jersey Suburbs",
      "postal_code":"19107",
      "country":"US",
      "phone":"2159238088x",
      "lat":39.955951,
      "long":-75.157129,
      "price":2,
      "cuisines":[
                  "Japanese",
                  "Sushi"
                  ],
      "reserve_url":"http://www.opentable.com/single.aspx?rid=54202",
      "mobile_reserve_url":"http://mobile.opentable.com/opentable/?restId=54202",
      "image_url":"https://resizer.otstatic.com/v2/profiles/legacy/54202.jpg"
   },
   {
      "id":2467,
      "name":"Moshulu",
      "address":"401 South Columbus Blvd.",
      "city":"Philadelphia",
      "state":"PA",
      "area":"Philadelphia / New Jersey Suburbs",
      "postal_code":"19106",
      "country":"US",
      "phone":"2159232500x",
      "lat":39.9427,
      "long":-75.142,
      "price":4,
      "cuisines":[
                  "Vietnamese",
                  "Panasian"
                  ],
      "reserve_url":"http://www.opentable.com/single.aspx?rid=2467",
      "mobile_reserve_url":"http://mobile.opentable.com/opentable/?restId=2467",
      "image_url":"https://resizer.otstatic.com/v2/profiles/legacy/2467.jpg"
   },
   {
      "id":144988,
      "name":"Jerry's Bar",
      "address":"129 W Laurel St",
      "city":"Philadelphia",
      "state":"PA",
      "area":"Philadelphia / New Jersey Suburbs",
      "postal_code":"19123",
      "country":"US",
      "phone":"2672731632",
      "lat":39.96508,
      "long":-75.138877,
      "price":2,
      "cuisines":[
                  "Burgers",
                  "Pizza"
                  ],
      "reserve_url":"http://www.opentable.com/single.aspx?rid=144988",
      "mobile_reserve_url":"http://mobile.opentable.com/opentable/?restId=144988",
      "image_url":"https://resizer.otstatic.com/v2/profiles/legacy/144988.jpg"
   },
   {
      "id":94549,
      "name":"Spice 28",
      "address":"1228 Chestnut Street",
      "city":"Philadelphia",
      "state":"PA",
      "area":"Philadelphia / New Jersey Suburbs",
      "postal_code":"19107",
      "country":"US",
      "phone":"2159288880",
      "lat":39.950488,
      "long":-75.161568,
      "price":2,
      "cuisines":[
                  "Organic",
                  "Californian"
                  ],
      "reserve_url":"http://www.opentable.com/single.aspx?rid=94549",
      "mobile_reserve_url":"http://mobile.opentable.com/opentable/?restId=94549",
      "image_url":"https://resizer.otstatic.com/v2/profiles/legacy/94549.jpg"
   }
]